heart,breath,bmi,deep_p,ada_br,ada_hr,var_RPM,var_HPM,rem_parameter,mov_dens,LF,HF,LFHF,sHF,sLFHF,tfRSA,tmHR,sfRSA,smHR,sdfRSA,sdmHR,stfRSA,stmHR,time,sleep
67.87012803,18.49753511,0.282721934,0.002383877,0.197167041,0.584961947,2.899909208,134.9589513,1.083002142,52.7133948,261343.2255,628701.942,2.507260428,627178.2191,2.505726587,0.215058518,3.47035615,18.49614029,67.87206194,0.093312573,2.708460289,0.215031983,3.470201397,30618.87585,3.437923251
9.499193027,2.075755716,0.554280615,0.002923814,0.312625768,0.722733808,1.914084287,83.20783065,0.566579257,37.65284092,768606.4961,1848487.468,1.336579564,1844982.151,1.268668164,0.102013403,2.565496177,2.053587455,9.2460513,0.042092082,2.03966685,0.098888847,2.477732164,7859.688345,0.834556815
